區域別	性比例	人口密度	扶養比	所得中位數	所得變異數	低耐震建物比例 (超過40年屋齡比例)	醫院病床數	消防單位(員額數)	地震危害度
新北市	95.03	"1,946.61"	40.03	65.8	18.1	28.43	14496	2446	
臺北市	90.29	"9,126.87"	50.36	77.4	65.6	47.51	19756	1821	
桃園市	97.6	"1,868.59"	39.45	68.8	14.6	24.17	11812	1647	
臺中市	95.97	"1,270.70"	39.99	64.3	27.6	25.39	18793	1720	
臺南市	98.86	845.48	41.95	64.9	22.8	34.22	9936	1177	
高雄市	96.74	924.21	42.16	65.4	15.8	35.14	17696	1536	
宜蘭縣	101.06	209.49	42.83	62	11	35.59	3463	342	
新竹縣	103.96	406.65	41.57	78.8	20	24.19	3039	425	
苗栗縣	106.15	293.98	42.7	64.5	11.6	40.44	3017	514	
彰化縣	102.94	"1,159.01"	43.09	59.9	23.1	42.95	7459	707	
南投縣	104.08	116.79	43.72	59	13.3	41.89	3090	434	
雲林縣	106.7	514.47	44.31	63.1	32.1	48.18	3319	492	
嘉義縣	107.53	256.43	43.45	61.2	9.4	47.07	3030	432	
屏東縣	103.27	287.76	41.98	61.7	10	41.93	5002	605	
臺東縣	104.7	60.47	42.55	61.5	12.3	47.49	1268	380	
花蓮縣	101.59	68.9	43.7	60.5	9.5	43.56	4134	370	
澎湖縣	105.53	845.18	39.24	74.1	8.8	51.86	501	190	
基隆市	99.17	"2,723.18"	41.13	62.2	11.7	32.44	2375	281	
新竹市	97.41	"4,344.33"	43.72	82.2	23.7	23.58	2390	302	
嘉義市	92.86	"4,380.20"	43.58	65.9	11	34.12	3519	279	
金門縣	98.34	931.68	33	74.2	9.6	25.6	304	157	
連江縣	136.92	485.52	31.94	83.6	7.5	51.63	43	48	
資料來源						111年第40週內政統計通報(111年第2季底我國住宅總量突破900萬宅，10年增加100萬宅) (moi.gov.tw)	醫院病床統計 | 政府資料開放平臺 (data.gov.tw)	中華民國內政部消防署全球資訊網 > 資訊公開 > 統計資料 > 消防機關人力概況 (nfa.gov.tw)	
更新時間						22-Nov	21-Dec	22-Dec	
